{"loss":{"0":0.2337187231,"1":0.0963646173,"2":0.0886737853,"3":0.0807368979,"4":0.0742069408,"5":0.0759153217,"6":0.0711022839,"7":0.0695010647,"8":0.0662302077,"9":0.0665185228},"accuracy":{"0":0.9296333194,"1":0.9699833393,"2":0.9717333317,"3":0.9746999741,"4":0.9760833383,"5":0.9760833383,"6":0.9776499867,"7":0.9778666496,"8":0.979516685,"9":0.9793666601},"val_loss":{"0":0.0945844203,"1":0.0840712935,"2":0.0632497892,"3":0.1036579609,"4":0.0663649365,"5":0.0802864656,"6":0.0654009655,"7":0.0592234619,"8":0.0882551521,"9":0.0734279305},"val_accuracy":{"0":0.9725999832,"1":0.9750000238,"2":0.9804999828,"3":0.9671000242,"4":0.9799000025,"5":0.9763000011,"6":0.9822999835,"7":0.9828000069,"8":0.975300014,"9":0.9779000282}}